{
  "baseline": {
    "EM": 0.0,
    "F1": 0.06356131896677031,
    "MRR": 0.31366666666666665,
    "NDCG@10": 0.38799738340253226,
    "avg_hops": 1.0
  },
  "agentic": {
    "EM": 0.12,
    "F1": 0.20890837119869374,
    "MRR": 0.31366666666666665,
    "NDCG@10": 0.37045117254146254,
    "avg_hops": 2.0,
    "per_hop_MRR": 0.31366666666666665,
    "per_hop_NDCG@10": 0.38799738340253226
  }
}
