{
  "baseline": {
    "EM": 0.0,
    "F1": 0.07482593136896401,
    "MRR": 0.31366666666666665,
    "NDCG@10": 0.38799738340253226,
    "avg_hops": 1.0
  },
  "agentic": {
    "EM": 0.12,
    "F1": 0.2518380303432613,
    "MRR": 0.3388102453102453,
    "NDCG@10": 0.43522341036478496,
    "avg_hops": 3.72,
    "per_hop_MRR": 0.3393611111111111,
    "per_hop_NDCG@10": 0.42010689725588224
  }
}
