{
  "baseline": {
    "EM": 0.0,
    "F1": 0.010471861438744607,
    "MRR": 0.31366666666666665,
    "NDCG@10": 0.38799738340253226,
    "avg_hops": 1.0
  },
  "agentic": {
    "EM": 0.0,
    "F1": 0.010471861438744607,
    "MRR": 0.31366666666666665,
    "NDCG@10": 0.38799738340253226,
    "avg_hops": 1.0,
    "per_hop_MRR": 0.31366666666666665,
    "per_hop_NDCG@10": 0.38799738340253226
  }
}
